id;nombre_voluntario;primer_apellido;segundo_apellido;email_voluntario;telefono_contacto_voluntario;dni_voluntario;fecha_nacimiento_voluntario;sexo_voluntario;fecha_alta;fecha_baja;tipo_voluntario;tipo_turno;responsable_dia;origen_voluntario;manipulador_alimentos;codigo_postal
1;Comunidad Canarias Vasco;Verde SMTP driver;Salvador Municipio;Monitorizado solid;Zapatos payment;Navarra payment Representante;2022-10-15;Coordinador override;2022-10-15;2022-10-14;Ladrillo;Rojo Morado Acero;true;driver;false;maximizada Especialista Dinánmico
2;indexing International Artesanal;enable Rand;Coche;Violeta Parque;4th deposit target;Gerente Account Amarillo;2022-10-15;Electrónica;2022-10-14;2022-10-14;Checking previsión;Credit methodologies;false;protocol Franc Plástico;true;customized
3;Artesanal neutral TCP;Jefe CSS;Account;transmit programming;metrics Granito;connecting analista Atún;2022-10-14;e-tailers;2022-10-14;2022-10-14;Ordenador interactiva Verde;Loan protocol Verde;true;implementación;false;indexing Ladrillo Videojuegos
4;CSS recontextualize;deposit Marca de;extensible Plástico;utilización;didactica Brasil;Interfaz connecting;2022-10-14;Música TCP Murcia;2022-10-14;2022-10-15;Mesa;Bebes up;false;24/365 aggregate Murcia;true;Loan Montserrat
5;International portals;Facilitador Rústico Práctico;paradigms sistema;Decoración;Torrente;instalación logística;2022-10-15;card;2022-10-15;2022-10-14;Naira calculate Account;port Bedfordshire Fantástico;true;SAS Universal efficient;true;Prolongación redundant Aragón
6;Monetary;bypassing Parcela;Asistente Comodos withdrawal;Videojuegos;Belice;Card;2022-10-15;Camiseta Tugrik New;2022-10-14;2022-10-15;TCP Investment Congo;direccional;false;Reino Rioja;false;haptic
7;matrix Implementación cross-platform;Rojo Buckinghamshire;Caserio Hormigon Riera;Berkshire;auxiliary Morado payment;Pequeño Videojuegos;2022-10-15;initiatives;2022-10-15;2022-10-14;Hecho cross-platform;Algodón;false;quantifying XSS parse;true;Fácil communities
8;withdrawal Avon Account;Morado;Gris;deposit Oficial e-business;incubate Pequeño Re-implementado;Silla Bicicleta Borders;2022-10-14;withdrawal matrix;2022-10-14;2022-10-15;Berkshire cliente;superestructura nacional;false;withdrawal;true;Prolongación Mesa
9;Pizza Avon;Méjico Videojuegos synthesize;Liberia Sorprendente Contabilidad;Directo SAS;Seguro backing;one-to-one;2022-10-14;port Bacon Buckinghamshire;2022-10-14;2022-10-15;definición Estratega;portal;false;local Grupo;true;Chile
10;Avon;proactive;hacking Guapa Borders;y;payment;Desarrollador;2022-10-14;Hormigon Deportes;2022-10-15;2022-10-15;Increible;Grupo Money Especialista;false;bandwidth UIC-Franc;false;Técnico
